legacy_complication_id,label,migration_status,python_target,migration_note,timing_status
hypovolemia,Preload limitation / hypovolemia,SUPPORTED_CORE_MECHANISM,neopatient volume ledger + preload-limited VA coupling,"Core volume/preload behavior exists; scenario activation should manipulate volume/preload state, not MAP.",
postoperative-tamponade,Postoperative cardiac tamponade,MECHANISM_NOT_IMPLEMENTED,future typed pathology/fault mechanism,Keep as migration backlog and Clinical Behavior Contract candidate; do not fake with legacy numeric patches.,
position-sensitive-cannula,Position-sensitive cannula drainage compromise,MECHANISM_NOT_IMPLEMENTED,future typed pathology/fault mechanism,Keep as migration backlog and Clinical Behavior Contract candidate; do not fake with legacy numeric patches.,
drainage-cannula-kink,Drainage cannula / tubing kink,PARTIAL,cannula hydraulics + future kink severity fault,Hydraulic base exists; scenario-addressable kink state missing.,
mechanical-circuit-obstruction,Mechanical circuit obstruction,PARTIAL,hydraulic component resistance/obstruction concepts exist,Need typed fault injection rather than direct parameter mutation from scenario definitions.,
pump-support-failure,Pump failure / loss of pump support,PARTIAL,RPM/pump curve supports loss of pump output,Need explicit fault/interlock/backup-support state machine.,
air-emergency,Air entrainment / circuit air emergency,MECHANISM_NOT_IMPLEMENTED,future typed pathology/fault mechanism,Keep as migration backlog and Clinical Behavior Contract candidate; do not fake with legacy numeric patches.,placeholder-until-validated
circuit-breach-hemorrhage,Circuit breach / disconnection with major blood loss,PARTIAL,record_blood_loss + future circuit integrity fault,Patient blood loss exists; breach/disconnection state missing.,placeholder-until-validated
oxygenator-thrombosis-failure,Oxygenator thrombosis / membrane-lung failure,PARTIAL,oxygenator obstruction/gas-transfer parameters exist,"Component physics exists, but no scenario-owned fault interface/state yet.",placeholder-until-validated
sweep-gas-failure,Sweep gas / gas-source failure,PARTIAL,sweep/FdO2 controls + gas exchange,"Gas consequence can be modeled by settings, but an explicit hidden gas-source fault is missing.",placeholder-until-validated
hemolysis,Clinically significant hemolysis,MECHANISM_NOT_IMPLEMENTED,future typed pathology/fault mechanism,Keep as migration backlog and Clinical Behavior Contract candidate; do not fake with legacy numeric patches.,placeholder-until-validated
major-bleeding,Major bleeding / coagulopathic hemorrhage,PARTIAL,record_blood_loss + volume replacement,Hemorrhage volume loss exists; coagulopathy/hemostasis not modeled.,placeholder-until-validated
intracranial-hemorrhage,Intracranial hemorrhage,MECHANISM_NOT_IMPLEMENTED,future typed pathology/fault mechanism,Keep as migration backlog and Clinical Behavior Contract candidate; do not fake with legacy numeric patches.,placeholder-until-validated
thromboembolism-stroke,Thromboembolism / ischemic stroke,MECHANISM_NOT_IMPLEMENTED,future typed pathology/fault mechanism,Keep as migration backlog and Clinical Behavior Contract candidate; do not fake with legacy numeric patches.,placeholder-until-validated
circuit-systemic-thrombosis,Circuit / cannula / intracardiac thrombosis,MECHANISM_NOT_IMPLEMENTED,future typed pathology/fault mechanism,Keep as migration backlog and Clinical Behavior Contract candidate; do not fake with legacy numeric patches.,placeholder-until-validated
anticoagulation-management,Clinically significant anticoagulation imbalance,MECHANISM_NOT_IMPLEMENTED,future typed pathology/fault mechanism,Keep as migration backlog and Clinical Behavior Contract candidate; do not fake with legacy numeric patches.,placeholder-until-validated
vv-recirculation,VV ECMO recirculation / ineffective support,MECHANISM_NOT_IMPLEMENTED,future typed pathology/fault mechanism,Keep as migration backlog and Clinical Behavior Contract candidate; do not fake with legacy numeric patches.,placeholder-until-validated
va-differential-hypoxemia,VA differential hypoxemia / North-South syndrome,MECHANISM_NOT_IMPLEMENTED,future typed pathology/fault mechanism,Keep as migration backlog and Clinical Behavior Contract candidate; do not fake with legacy numeric patches.,placeholder-until-validated
va-lv-distension,VA ECMO LV distension / inadequate unloading,MECHANISM_NOT_IMPLEMENTED,future typed pathology/fault mechanism,Keep as migration backlog and Clinical Behavior Contract candidate; do not fake with legacy numeric patches.,placeholder-until-validated
limb-ischemia,Peripheral cannulation limb ischemia,MECHANISM_NOT_IMPLEMENTED,future typed pathology/fault mechanism,Keep as migration backlog and Clinical Behavior Contract candidate; do not fake with legacy numeric patches.,placeholder-until-validated
pneumothorax-intrathoracic-pressure,Pneumothorax / tension physiology impairing support,MECHANISM_NOT_IMPLEMENTED,future typed pathology/fault mechanism,Keep as migration backlog and Clinical Behavior Contract candidate; do not fake with legacy numeric patches.,placeholder-until-validated
airway-ventilator-failure,Airway / ETT / ventilator failure,PARTIAL,AirwayPort/lung model,Basic airway inputs exist; rate/mode/Ti and explicit fault state are missing.,placeholder-until-validated
pulmonary-hemorrhage,Pulmonary hemorrhage,MECHANISM_NOT_IMPLEMENTED,future typed pathology/fault mechanism,Keep as migration backlog and Clinical Behavior Contract candidate; do not fake with legacy numeric patches.,placeholder-until-validated
gas-exchange-failure,Clinically significant gas-exchange failure,PARTIAL,lung + ECMO gas exchange,Multiple gas mechanisms exist but generic failure localization/orchestration is not yet implemented.,placeholder-until-validated
arrhythmia-arrest,Clinically significant arrhythmia / arrest,MECHANISM_NOT_IMPLEMENTED,future typed pathology/fault mechanism,Keep as migration backlog and Clinical Behavior Contract candidate; do not fake with legacy numeric patches.,placeholder-until-validated
vasoplegia-shock,Vasoplegia / distributive shock,PARTIAL,SVR engineering modifier,Underlying physiology knob exists but is not an integrated patient mechanism.,placeholder-until-validated
infection-sepsis,Infection / sepsis with clinically significant deterioration,MECHANISM_NOT_IMPLEMENTED,future typed pathology/fault mechanism,Keep as migration backlog and Clinical Behavior Contract candidate; do not fake with legacy numeric patches.,placeholder-until-validated
aki-fluid-overload,Acute kidney injury / fluid overload,PARTIAL,kidney + fluid balance + CKRT/UF,"Fluid/renal support exists, but progressive AKI pathology and labs are incomplete.",placeholder-until-validated
ckrt-ecmo-interaction,CKRT / CRRT failure or ECMO interaction,PARTIAL,RenalTherapyPort + shunt CKRT controls,Basic interaction surface exists; fault states are incomplete.,placeholder-until-validated
metabolic-electrolyte-emergency,Major metabolic / electrolyte emergency,MECHANISM_NOT_IMPLEMENTED,future typed pathology/fault mechanism,Keep as migration backlog and Clinical Behavior Contract candidate; do not fake with legacy numeric patches.,placeholder-until-validated
neurologic-deterioration,Acute neurologic deterioration / seizure,MECHANISM_NOT_IMPLEMENTED,future typed pathology/fault mechanism,Keep as migration backlog and Clinical Behavior Contract candidate; do not fake with legacy numeric patches.,placeholder-until-validated
abdominal-ischemic-compartment,Abdominal compartment / bowel ischemia / abdominal perfusion emergency,MECHANISM_NOT_IMPLEMENTED,future typed pathology/fault mechanism,Keep as migration backlog and Clinical Behavior Contract candidate; do not fake with legacy numeric patches.,placeholder-until-validated
pulmonary-hypertensive-crisis,Pulmonary hypertensive / RV crisis,PARTIAL,PVR/PA pressure engineering model,Underlying physiology knob exists but is not an integrated scenario mechanism.,placeholder-until-validated
congenital-circulation-specific,Congenital circulation / shunt / residual lesion failure,MECHANISM_NOT_IMPLEMENTED,future typed pathology/fault mechanism,Keep as migration backlog and Clinical Behavior Contract candidate; do not fake with legacy numeric patches.,placeholder-until-validated
treatment-transfusion-adverse,Clinically significant medication / transfusion adverse event,MECHANISM_NOT_IMPLEMENTED,future typed pathology/fault mechanism,Keep as migration backlog and Clinical Behavior Contract candidate; do not fake with legacy numeric patches.,placeholder-until-validated
transport-procedural-operational,Transport / positioning / operational support hazard,MECHANISM_NOT_IMPLEMENTED,future typed pathology/fault mechanism,Keep as migration backlog and Clinical Behavior Contract candidate; do not fake with legacy numeric patches.,placeholder-until-validated
